/home/mindmap/Desktop/UICompiler/new 4/new/UNTNO/ProofOfAddress_1_ProofOfAddress_1964499175-page0_aug5.png,Unit No: 1101
/home/mindmap/Desktop/UICompiler/new 4/new/UNTNO/ProofOfAddress_1_ProofOfAddress_1964499175-page0_aug6.png,Unit No
/home/mindmap/Desktop/UICompiler/new 4/new/UNTNO/ProofOfAddress_1_ProofOfAddress_2217347634-page0_aug2.png,Unit Number: 5B
/home/mindmap/Desktop/UICompiler/new 4/new/UNTNO/ProofOfAddress_1_ProofOfAddress_2217347634-page0_aug7.png,Unit Number: 5B.
/home/mindmap/Desktop/UICompiler/new 4/new/UNTNO/ProofOfAddress_1_ProofOfAddress_2217347634-page0_aug4.png,Unit Number: 5B
/home/mindmap/Desktop/UICompiler/new 4/new/UNTNO/ProofOfAddress_1_ProofOfAddress_1759136411-page0.png,A line item for the private office unit number E050 is listed on the financial report of a company.
/home/mindmap/Desktop/UICompiler/new 4/new/UNTNO/ProofOfAddress_1_ProofOfAddress_1759136411-page0_aug6.png,The text in the image is "Private Office Unit No. E050". It is located at the bottom of the image.
/home/mindmap/Desktop/UICompiler/new 4/new/UNTNO/ProofOfAddress_1_ProofOfAddress_1911710457-page0_aug8.png,Hot Desk Unit No. HD12A
/home/mindmap/Desktop/UICompiler/new 4/new/UNTNO/ProofOfAddress_1_ProofOfAddress_1911710457-page0_aug6.png,Hot Desk Unit No. HD12A
/home/mindmap/Desktop/UICompiler/new 4/new/UNTNO/ProofOfAddress_1_ProofOfAddress_1911710457-page0_aug4.png,Hot Desk Unit No. HD12A
/home/mindmap/Desktop/UICompiler/new 4/new/UNTNO/ProofOfAddress_1_ProofOfAddress_2217347634-page0_aug3.png,Unit Number: 5B
/home/mindmap/Desktop/UICompiler/new 4/new/UNTNO/ProofOfAddress_1_ProofOfAddress_1911710457-page0.png,The image displays a single hot desk unit with the model number HD12A. The text on the image reads "Hot Desk Unit No. HD12A" and is positioned at the top center of the image. The font used is a sans-serif typeface, which is easy to read
/home/mindmap/Desktop/UICompiler/new 4/new/UNTNO/ProofOfAddress_1_ProofOfAddress_1759136411-page0_aug2.png,Private Office Unit No. E050
/home/mindmap/Desktop/UICompiler/new 4/new/UNTNO/ProofOfAddress_1_ProofOfAddress_1911710457-page0_aug2.png,The image displays a single hot desk unit with the model number HD12A. The text on the image reads "Hot Desk Unit No. HD12A" and is positioned at the top center of the image. The font used is a sans-serif typeface, which is easy to read
/home/mindmap/Desktop/UICompiler/new 4/new/UNTNO/ProofOfAddress_1_ProofOfAddress_1759136411-page0_aug5.png,Private Office Unit No. E050
/home/mindmap/Desktop/UICompiler/new 4/new/UNTNO/ProofOfAddress_1_ProofOfAddress_2217347634-page0_aug1.png,Unit Number: 5B
/home/mindmap/Desktop/UICompiler/new 4/new/UNTNO/ProofOfAddress_1_ProofOfAddress_1911710457-page0_aug1.png,The image displays a document titled "Hot Desk Unit No. HD12A" with a black background. The text is in a sans-serif font, and the document is numbered "HD12A" at the top. Below the number, the text reads "Hot Desk Unit No.
/home/mindmap/Desktop/UICompiler/new 4/new/UNTNO/ProofOfAddress_1_ProofOfAddress_1759136411-page0_aug3.png,Private Office Unit No. E050
/home/mindmap/Desktop/UICompiler/new 4/new/UNTNO/ProofOfAddress_1_ProofOfAddress_1964499175-page0.png,Unit No: 1101
/home/mindmap/Desktop/UICompiler/new 4/new/UNTNO/ProofOfAddress_1_ProofOfAddress_1911710457-page0_aug5.png,Hot Desk Unit No. HD12A
/home/mindmap/Desktop/UICompiler/new 4/new/UNTNO/ProofOfAddress_1_ProofOfAddress_1964499175-page0_aug7.png,**Unit No. 1101**
/home/mindmap/Desktop/UICompiler/new 4/new/UNTNO/ProofOfAddress_1_ProofOfAddress_1964499175-page0_aug8.png,The text in the image is "Unit No. 0" and "1101".
/home/mindmap/Desktop/UICompiler/new 4/new/UNTNO/ProofOfAddress_1_ProofOfAddress_1911710457-page0_aug7.png,Hot Desk Unit No. HD12A
/home/mindmap/Desktop/UICompiler/new 4/new/UNTNO/ProofOfAddress_1_ProofOfAddress_1911710457-page0_aug3.png,Hot Desk Unit No. HD12A
/home/mindmap/Desktop/UICompiler/new 4/new/UNTNO/ProofOfAddress_1_ProofOfAddress_2217347634-page0.png,A unit number of 5B is shown.
/home/mindmap/Desktop/UICompiler/new 4/new/UNTNO/ProofOfAddress_1_ProofOfAddress_1964499175-page0_aug4.png,Unit No
/home/mindmap/Desktop/UICompiler/new 4/new/UNTNO/ProofOfAddress_1_ProofOfAddress_2217347634-page0_aug8.png,Unit Number:5B.
/home/mindmap/Desktop/UICompiler/new 4/new/UNTNO/ProofOfAddress_1_ProofOfAddress_2217347634-page0_aug5.png,A unit number: 5B.
/home/mindmap/Desktop/UICompiler/new 4/new/UNTNO/ProofOfAddress_1_ProofOfAddress_1964499175-page0_aug1.png,Unit No. 
/home/mindmap/Desktop/UICompiler/new 4/new/UNTNO/ProofOfAddress_1_ProofOfAddress_1759136411-page0_aug1.png,The text in the image reads "Private Office Unit No. E050".
/home/mindmap/Desktop/UICompiler/new 4/new/UNTNO/ProofOfAddress_1_ProofOfAddress_2217347634-page0_aug6.png,## Unit Number: 5B
/home/mindmap/Desktop/UICompiler/new 4/new/UNTNO/ProofOfAddress_1_ProofOfAddress_1759136411-page0_aug4.png,Private Office Unit No. E050
/home/mindmap/Desktop/UICompiler/new 4/new/UNTNO/ProofOfAddress_1_ProofOfAddress_1759136411-page0_aug7.png,Private Office Unit No. E050
/home/mindmap/Desktop/UICompiler/new 4/new/UNTNO/ProofOfAddress_1_ProofOfAddress_1964499175-page0_aug2.png,Unit No         1101
/home/mindmap/Desktop/UICompiler/new 4/new/UNTNO/ProofOfAddress_1_ProofOfAddress_1759136411-page0_aug8.png,A line item for the Private Office Unit No. E050 is listed on a financial statement.
/home/mindmap/Desktop/UICompiler/new 4/new/UNTNO/ProofOfAddress_1_ProofOfAddress_1964499175-page0_aug3.png,Unit No: 1101
